<?xml version="1.0" encoding="UTF-8" ?>
<!DOCTYPE struts PUBLIC
"-//Apache Software Foundation//DTD Struts Configuration 2.0//EN"
"http://struts.apache.org/dtds/struts-2.0.dtd">

<struts>
	<constant name="struts.enable.SlashesInActionNames" value="true"/>
	<constant name="struts.mapper.alwaysSelectFullNamespace" value="false"/>
	<constant name="struts.patternMatcher" value="regex" />
	
	<package name="auth" namespace="/" extends="struts-default">
	
		<interceptors>
			<interceptor name="beforeInterceptor"
			class="com.mpts.auth.struts.bundle.interceptor.BeforeInterceptor"></interceptor>
		
		         <interceptor-stack name="newStack">
		     		<interceptor-ref name="beforeInterceptor"/>
					<interceptor-ref name="defaultStack" />
		          </interceptor-stack>
    	</interceptors>
    	
    	<default-interceptor-ref name="newStack"/>
		<default-action-ref name="/{brandingContext}/loginrouter" />

		<!-- TAM Configuration -->
		<action name="/{brandingContext}/loginrouter"
			class="com.mpts.auth.struts.bundle.pages.tam.LoginRouter" method="execute">
			<result name="tokenlogin">/auth/TokenLogin.jsp</result>
			<result name="tokendownloadlogin">/auth/TokenDownloadLogin.jsp</result>
			<result name="successfulogin">/auth/SuccessfulLogin.jsp</result>
			<result name="passwordexpired">/auth/PasswordExpired.jsp</result>
			<result name="pinchange">/auth/PINChange.jsp</result>
			<result name="pinchangesucess">/auth/SuccessfulOperation.jsp</result>
			<result name="cardholderlogin">/auth/CardHolderLogin.jsp</result>
			<!-- <result name="successfulogin">/auth/TokenLogin.jsp</result>
			<result name="forgotpassword">/auth/ForgotPassword.jsp</result> 
			<result name="accountlocked">/auth/AccountLocked.jsp</result> -->
			<result name="logout">/auth/Logout.jsp</result>
			<result name="error">/auth/Error.jsp</result>
			<result name="redirect" type="redirect">
				<param name="location">${redirectURL}</param>
				<!-- <param name="userName">${userName}</param> -->
			</result>
		</action>
		
		<action name="/{brandingContext}/loginformsubmit"
			class="com.mpts.auth.struts.bundle.pages.tam.LoginFormSubmit" method="execute">
			<!-- <interceptor-ref name="defaultStack">
    			<param name="scopedModelDriven.scope">session</param>
    			<param name="scopedModelDriven.name">LoginFormSubmit</param>
				<param name="scopedModelDriven.className">com.mpts.auth.struts.bundle.model.CommonAuthScopedModel</param>
			</interceptor-ref> -->
			<result name="loginformsubmit">/auth/LoginFormSubmit.jsp</result>
			<result name="input">/auth/${loginPageName}</result>
		</action>
		
		<action name="/{brandingContext}/forgottoken"
			class="com.mpts.auth.struts.bundle.pages.tam.ForgotToken" method="execute">
			<interceptor-ref name="newStack">
    			<param name="scopedModelDriven.scope">session</param>
    			<param name="scopedModelDriven.name">ForgotToken</param>
				<param name="scopedModelDriven.className">com.mpts.auth.struts.bundle.model.CommonAuthScopedModel</param>
			</interceptor-ref>
			<result name="securityquestionverification">/auth/SecurityQuestionVerfication.jsp</result>
			<result name="input">/auth/ForgotToken.jsp</result>
		</action>
		
		<action name="/{brandingContext}/securityquestionverificationsubmit"
			class="com.mpts.auth.struts.bundle.pages.tam.ForgotToken" method="validateSecurityQuestions">
			<interceptor-ref name="newStack">
    			<param name="scopedModelDriven.scope">session</param>
    			<param name="scopedModelDriven.name">ForgotToken</param>
				<param name="scopedModelDriven.className">com.mpts.auth.struts.bundle.model.CommonAuthScopedModel</param>
			</interceptor-ref>
			<result name="input">/auth/SecurityQuestionVerfication.jsp</result>
			<result name="error">/auth/Error.jsp</result>
			<result name="verifyotp">/auth/OTPVerification.jsp</result>
		</action>

		<action name="/{brandingContext}/auth/eaiauthentication"
			class="com.mpts.auth.struts.bundle.pages.tam.ForgotToken" method="otpVerification">
			<interceptor-ref name="newStack">
    			<param name="scopedModelDriven.scope">session</param>
    			<param name="scopedModelDriven.name">ForgotToken</param>
				<param name="scopedModelDriven.className">com.mpts.auth.struts.bundle.model.CommonAuthScopedModel</param>
			</interceptor-ref>
			<result name="eaiauthenticationformsubmit">/auth/EAIAuthenticationFormSubmit.jsp</result>
			<result name="input">/auth/OTPVerification.jsp</result>
			<result name="error">/auth/Error.jsp</result>
		</action>
		
		<action name="/{brandingContext}/eai/tokendownload/"
			class="com.mpts.auth.struts.bundle.pages.tam.EAITokenDownload" method="showTokenDownloadPage">
			<result name="success">/auth/EAITokenDownload.jsp</result>
		</action>
		
		<action name="/{brandingContext}/pwdloginformsubmit"
			class="com.mpts.auth.struts.bundle.pages.tam.LoginFormSubmit" method="execute">
			<!-- <interceptor-ref name="defaultStack">
    			<param name="scopedModelDriven.scope">session</param>
    			<param name="scopedModelDriven.name">LoginFormSubmit</param>
				<param name="scopedModelDriven.className">com.mpts.auth.struts.bundle.model.CommonAuthScopedModel</param>
			</interceptor-ref> -->
			<result name="loginformsubmit">/auth/LoginFormSubmit.jsp</result>
			<result name="input">/auth/${loginPageName}</result>
			<result name="authenticate" type="redirectAction">
				<param name="actionName">${brandingContext}/${registerAction}</param>
				<param name="userName">${useralias}</param>
				<param name="cpass">${password}</param>
				<param name="parse">true</param>
				<param name="struts.token.name">token</param>				
				<param name="token">${token}</param>  
			</result>
		</action>
		
		<action name="/{brandingContext}/secure/tokendownload"
			class="com.mpts.auth.struts.bundle.pages.tam.TokenDownload" method="displayTokenLogin">
			<interceptor-ref name="newStack">
    			<param name="scopedModelDriven.scope">session</param>
    			<param name="scopedModelDriven.name">SecureTokenDownload</param>
				<param name="scopedModelDriven.className">com.mpts.auth.struts.bundle.model.SecureTokenDownload</param>
			</interceptor-ref>
			<result name="setsecurityquestions">/auth/SecurityQuestions.jsp</result>
			<result name="success">/auth/TokenDownload.jsp</result>
			<result name="error">/auth/Error.jsp</result>
		</action>
		
		<action name="/{brandingContext}/secure/tokendownload/securityquestions"
			class="com.mpts.auth.struts.bundle.pages.tam.TokenDownload" method="setSecurityQuestions">
			<interceptor-ref name="newStack">
    			<param name="scopedModelDriven.scope">session</param>
    			<param name="scopedModelDriven.name">SecureTokenDownload</param>
				<param name="scopedModelDriven.className">com.mpts.auth.struts.bundle.model.SecureTokenDownload</param>
			</interceptor-ref>
			<result name="input">/auth/SecurityQuestions.jsp</result>
			<result name="error">/auth/Error.jsp</result>
			<result name="success">/auth/TokenDownload.jsp</result>
		</action>		
		
		<action name="/{brandingContext}/secureTokenFileDownload"
			class="com.mpts.auth.struts.bundle.pages.tam.TokenDownload" method="tokenLogin">
			<interceptor-ref name="newStack">
    			<param name="scopedModelDriven.scope">session</param>
    			<param name="scopedModelDriven.name">SecureTokenDownload</param>
				<param name="scopedModelDriven.className">com.mpts.auth.struts.bundle.model.SecureTokenDownload</param>
			</interceptor-ref>
			
			<result name="success" type="stream">
			  <param name="contentType">application/octet-stream</param>
			  <param name="inputName">fileInputStream</param>
			  <param name="contentDisposition">attachment;filename="${tokenFileName}"</param>
			  <param name="bufferSize">2048</param>
			</result>
			<result name="input">/auth/TokenDownload.jsp</result>
			<result name="error">/auth/Error.jsp</result>
		</action>
		
		<action name="/{brandingContext}/tokenFileDownload"
			class="com.mpts.auth.struts.bundle.pages.tam.EAITokenDownload" method="execute">
			<result name="success" type="stream">
			  <param name="contentType">application/octet-stream</param>
			  <param name="inputName">fileInputStream</param>
			  <param name="contentDisposition">attachment;filename="${tokenFileName}"</param>
			  <param name="bufferSize">2048</param>
			</result>
			<result name="error">/auth/Error.jsp</result>
		</action>
		
		<!-- application logout -->
		<action name="/{brandingContext}/app/logoutformsubmit"
			class="com.mpts.auth.struts.bundle.pages.tam.AppLogout" method="logout">
			<result name="success">/auth/LogoutFormSubmit.jsp</result>
		</action>
		
		<action name="/{brandingContext}/logoutformsubmit"
			class="com.mpts.auth.struts.bundle.pages.tam.EAITokenDownload" method="logout">
			<result name="success">/auth/LogoutFormSubmit.jsp</result>
		</action>
		
		<!-- <action name="/{brandingContext}/tokenDownloadLogin"
			class="com.mpts.auth.struts.bundle.pages.tam.TokenDownloadLogin" method="login">
			<result name="success">/auth/LogoutFormSubmit.jsp</result>
		</action> -->
		
		<action name="/{brandingContext}/auth/forgotUseralias"
			class="com.mpts.auth.struts.bundle.pages.tam.ForgotUserAlias" method="showForgotUserAliasPage">
			<result name="success">/auth/ForgotUseralias.jsp</result>
		</action>
		
		<action name="/{brandingContext}/auth/forgotCardHolderUseralias"
			class="com.mpts.auth.struts.bundle.pages.tam.ForgotUserAlias" method="showForgotUserAliasPage">
			<result name="success">/auth/ForgotCardHolderUseralias.jsp</result>
		</action>
		
		<action name="/{brandingContext}/auth/forgotUseraliasgetUser"
			class="com.mpts.auth.struts.bundle.pages.tam.ForgotUserAlias" method="getUser">
			<interceptor-ref name="newStack">
    			<param name="scopedModelDriven.scope">session</param>
    			<param name="scopedModelDriven.name">ForgotUserAlias</param>
				<param name="scopedModelDriven.className">com.mpts.auth.struts.bundle.model.ForgotUserAliasScopedModel</param>
			</interceptor-ref>
			
			<result name="success">/auth/SecurityQuestionVerfication.jsp</result>
			<result name="otpVerification">/auth/OTPVerification.jsp</result>
			<result name="input">/auth/ForgotUseralias.jsp</result>
			<result name="inputb2c">/auth/ForgotCardHolderUseralias.jsp</result>
			<result name="error">/auth/Error.jsp</result>
		</action>
		
		<action name="/{brandingContext}/auth/forgotUserIdSecQueVerification"
			class="com.mpts.auth.struts.bundle.pages.tam.ForgotUserAlias" method="validateSeqQue">
			<interceptor-ref name="newStack">
    			<param name="scopedModelDriven.scope">session</param>
    			<param name="scopedModelDriven.name">ForgotUserAlias</param>
				<param name="scopedModelDriven.className">com.mpts.auth.struts.bundle.model.ForgotUserAliasScopedModel</param>
			</interceptor-ref>
			
			<result name="success">/auth/OTPVerification.jsp</result>
			<result name="input">/auth/SecurityQuestionVerfication.jsp</result>
			<result name="error">/auth/Error.jsp</result>
		</action>
		
		<action name="/{brandingContext}/auth/forgotUserIdOTPVerification"
			class="com.mpts.auth.struts.bundle.pages.tam.ForgotUserAlias" method="otpVerification">
			<interceptor-ref name="newStack">
    			<param name="scopedModelDriven.scope">session</param>
    			<param name="scopedModelDriven.name">ForgotUserAlias</param>
				<param name="scopedModelDriven.className">com.mpts.auth.struts.bundle.model.ForgotUserAliasScopedModel</param>
			</interceptor-ref>
			
			<result name="input">/auth/OTPVerification.jsp</result>
			<result name="success">/auth/SuccessfulOTPVerification.jsp</result>
			<result name="error">/auth/Error.jsp</result>
		</action>
		
		<action name="/{brandingContext}/auth/forgotPassword"
			class="com.mpts.auth.struts.bundle.pages.tam.ForgotPassword" method="showForgotPwdPage">
			<result name="success">/auth/ForgotPassword.jsp</result>
		</action>
		
		<action name="/{brandingContext}/auth/forgotPIN"
			class="com.mpts.auth.struts.bundle.pages.tam.ForgotPassword" method="showForgotPINPage">
			<result name="success">/auth/ForgotPassword.jsp</result>
		</action>
		
		<action name="/{brandingContext}/auth/unlockUser"
			class="com.mpts.auth.struts.bundle.pages.tam.ForgotPassword" method="showUnlockUserPage">
			<result name="success">/auth/ForgotPassword.jsp</result>
		</action>
		
		<action name="/{brandingContext}/auth/forgotPasswordgetUser"
			class="com.mpts.auth.struts.bundle.pages.tam.ForgotPassword" method="forgotPassword">
			<interceptor-ref name="newStack">
    			<param name="scopedModelDriven.scope">session</param>
    			<param name="scopedModelDriven.name">ForgotPassword</param>
				<param name="scopedModelDriven.className">com.mpts.auth.struts.bundle.model.CommonAuthScopedModel</param>
			</interceptor-ref>
			
			<result name="input">/auth/ForgotPassword.jsp</result>
			<result name="success">/auth/SecurityQuestionVerfication.jsp</result>
			<result name="error">/auth/Error.jsp</result>
		</action>
		
		<action name="/{brandingContext}/auth/forgotPwdSecQueVerification"
			class="com.mpts.auth.struts.bundle.pages.tam.ForgotPassword" method="validateSeqQue">
			<interceptor-ref name="newStack">
    			<param name="scopedModelDriven.scope">session</param>
    			<param name="scopedModelDriven.name">ForgotPassword</param>
				<param name="scopedModelDriven.className">com.mpts.auth.struts.bundle.model.CommonAuthScopedModel</param>
			</interceptor-ref>
			<result name="success">/auth/OTPVerification.jsp</result>
			<result name="input">/auth/SecurityQuestionVerfication.jsp</result>
			<result name="error">/auth/Error.jsp</result>
		</action>
		
		<action name="/{brandingContext}/auth/forgotPwdOTPVerification"
			class="com.mpts.auth.struts.bundle.pages.tam.ForgotPassword" method="otpVerification">
			<interceptor-ref name="newStack">
    			<param name="scopedModelDriven.scope">session</param>
    			<param name="scopedModelDriven.name">ForgotPassword</param>
				<param name="scopedModelDriven.className">com.mpts.auth.struts.bundle.model.CommonAuthScopedModel</param>
			</interceptor-ref>
			<!-- <result name="setpassword" type="redirectAction">
				<param name="actionName">${brandingContext}/auth/eaiauthentication</param>
				<param name="parse">true</param>
				<param name="struts.token.name">token</param>				
				<param name="token">${token}</param>  
			</result> -->
			<result name="input">/auth/OTPVerification.jsp</result>
			<result name="success">/auth/SuccessfulOTPVerification.jsp</result>
			<result name="error">/auth/Error.jsp</result>
		</action>
		
		<!-- OpenID Connect Configuration -->
		<action name="/{brandingContext}/login" class="com.mpts.auth.struts.bundle.pages.openid.Login"
				method="execute">
			<result name="redirect" type="redirect">${url}</result>
			<result name="error">/auth/Error.jsp</result>
		</action>
		<action name="/{brandingContext}/loginValidator" class="com.mpts.auth.struts.bundle.pages.openid.LoginValidator"
			method="execute">
			<result name="redirect" type="redirect">
					<param name="location">${url}</param>
					<param name="userName">${userName}</param>
			</result>
			<result name="error">/auth/Error.jsp</result>
		</action>
	</package>
</struts>