<?xml version="1.0" encoding="UTF-8" standalone="no"?>
<tokenEntry tokenSN="$tokenSerialNo">
	<algorithm>time</algorithm>
	<deviceType>$deviceType</deviceType>
	<distribution CTF="false">
		<STDID copyProtected="true" distributionType="sdtid"
			passwordProtect="NoPassword" regenerateTokenCode="true">
			<CTFExpirationMinutes>-1</CTFExpirationMinutes>
		</STDID>
	</distribution>
	<enabled>true</enabled>
	<interval>60</interval>
	<pin action="nothing" pinType="tokencode" requirePintAtNextLogin="true" />
	<properties clearValues="false" />
	<tokenCodeLength>8</tokenCodeLength>
</tokenEntry>